0x0	[0x0, nil]
0x40	[0x40, nil]
0xf	[0xf, nil]
0x4	[0x4, nil]
0x8	[0x8, nil]
0x3f	[0x3f, nil]
0x1f	[0x1f, nil]
0x2	[0x2, nil]
0x5	[0x5, nil]
0x7	[0x7, nil]
0xc	[0xc, nil]
0x12	[0x12, nil]
0x14	[0x14, nil]
0x15	[0x15, nil]
0x18	[0x18, nil]
0x19	[0x19, nil]
0x1b	[0x1b, nil]
0x21	[0x21, nil]
0x22	[0x22, nil]
0x27	[0x27, nil]
0x2b	[0x2b, nil]
0x30	[0x30, nil]
0x32	[0x32, nil]
0x34	[0x34, nil]
0x36	[0x36, nil]
0x37	[0x37, nil]
0x39	[0x39, nil]
0x3a	[0x3a, nil]
0x3d	[0x3d, nil]
0x43	[0x43, nil]
0x47	[0x47, nil]
0x4c	[0x4c, nil]
0x4e	[0x4e, nil]
0x51	[0x51, nil]
0x53	[0x53, nil]
0x55	[0x55, nil]
0x57	[0x57, nil]
0x59	[0x59, nil]
0x5a	[0x5a, nil]
0x5e	[0x5e, nil]
0x5f	[0x5f, nil]
0x63	[0x63, nil]
0x64	[0x64, nil]
0x69	[0x69, nil]
0x6b	[0x6b, nil]
0x6d	[0x6d, nil]
0x6f	[0x6f, nil]
0x70	[0x70, nil]
0x72	[0x72, nil]
0x73	[0x73, nil]
0x76	[0x76, nil]
0x78	[0x78, nil]
0x7c	[0x7c, nil]
0x7f	[0x7f, nil]
0x83	[0x83, nil]
0x88	[0x88, nil]
0x8a	[0x8a, nil]
0x8d	[0x8d, nil]
0x8f	[0x8f, nil]
0x91	[0x91, nil]
0x93	[0x93, nil]
0x95	[0x95, nil]
0x96	[0x96, nil]
0x9a	[0x9a, nil]
0x9b	[0x9b, nil]
0x9f	[0x9f, nil]
0xa0	[0xa0, nil]
0xa5	[0xa5, nil]
0xa8	[0xa8, nil]
0xa9	[0xa9, nil]
0xab	[0xab, nil]
0xac	[0xac, nil]
0xae	[0xae, nil]
0xaf	[0xaf, nil]
0xb4	[0xb4, nil]
0xb6	[0xb6, nil]
0xb9	[0xb9, nil]
0xbb	[0xbb, nil]
0xbd	[0xbd, nil]
0xbf	[0xbf, nil]
0xc0	[0xc0, nil]
0xc3	[0xc3, nil]
0xc4	[0xc4, nil]
0xc7	[0xc7, nil]
0xcb	[0xcb, nil]
0xcc	[0xcc, nil]
0xcf	[0xcf, nil]
0xd1	[0xd1, nil]
0xd4	[0xd4, nil]
0xd9	[0xd9, nil]
0xdb	[0xdb, nil]
0xde	[0xde, nil]
0xe2	[0xe2, nil]
0xe4	[0xe4, nil]
0xe7	[0xe7, nil]
0xe9	[0xe9, nil]
0xec	[0xec, nil]
0xee	[0xee, nil]
0xef	[0xef, nil]
0xf2	[0xf2, nil]
0xf9	[0xf9, nil]
0xfb	[0xfb, nil]
0x101	[0x101, nil]
0x103	[0x103, nil]
0x104	[0x104, nil]
0x106	[0x106, nil]
0x108	[0x108, nil]
0x10b	[0x10b, nil]
0x10d	[0x10d, nil]
0x111	[0x111, nil]
0x112	[0x112, nil]
0x114	[0x114, nil]
0x115	[0x115, nil]
0x119	[0x119, nil]
0x11f	[0x11f, nil]
0x120	[0x120, nil]
0x121	[0x121, nil]
0x123	[0x123, nil]
0x124	[0x124, nil]
0x128	[0x128, nil]
0x129	[0x129, nil]
0x12d	[0x12d, nil]
0x12e	[0x12e, nil]
0x136	[0x136, nil]
0x138	[0x138, nil]
0x13a	[0x13a, nil]
0x13c	[0x13c, nil]
0x13d	[0x13d, nil]
0x13e	[0x13e, nil]
0x13f	[0x13f, nil]
0x143	[0x143, nil]
0x14a	[0x14a, nil]
0x14e	[0x14e, nil]
0x153	[0x153, nil]
0x157	[0x157, nil]
0x15b	[0x15b, nil]
0x160	[0x160, nil]
0x194	[0x194, nil]
0x196	[0x196, nil]
0x197	[0x197, nil]
0x199	[0x199, nil]
0x19a	[0x19a, nil]
0x19c	[0x19c, nil]
0x19d	[0x19d, nil]
0x1a0	[0x1a0, nil]
0x1a3	[0x1a3, nil]
0x1a6	[0x1a6, nil]
0x1aa	[0x1aa, nil]
0x1ac	[0x1ac, nil]
0x1ae	[0x1ae, nil]
0x1b1	[0x1b1, nil]
0x1b3	[0x1b3, nil]
0x1b7	[0x1b7, nil]
0x1b9	[0x1b9, nil]
0x1bb	[0x1bb, nil]
0x1be	[0x1be, nil]
0x1c0	[0x1c0, nil]
0x1c4	[0x1c4, nil]
0x1c6	[0x1c6, nil]
0x1c8	[0x1c8, nil]
0x1cb	[0x1cb, nil]
0x1cd	[0x1cd, nil]
0x1d0	[0x1d0, nil]
0x171S0x10	[0x2e, [0x171, nil]]
0x188S0x10	[0x2e, [0x188, nil]]
0x164S0x10	[0x2e, [0x164, nil]]
0x166S0x10	[0x2e, [0x166, nil]]
0x16aS0x10	[0x2e, [0x16a, nil]]
0x16bS0x10	[0x2e, [0x16b, nil]]
0x16cS0x10	[0x2e, [0x16c, nil]]
0x16dS0x10	[0x2e, [0x16d, nil]]
0x177S0x10	[0x2e, [0x177, nil]]
0x178S0x10	[0x2e, [0x178, nil]]
0x17aS0x10	[0x2e, [0x17a, nil]]
0x17cS0x10	[0x2e, [0x17c, nil]]
0x17eS0x10	[0x2e, [0x17e, nil]]
0x17fS0x10	[0x2e, [0x17f, nil]]
0x181S0x10	[0x2e, [0x181, nil]]
0x183S0x10	[0x2e, [0x183, nil]]
0x184S0x10	[0x2e, [0x184, nil]]
0x2e	[0x2e, nil]
0x4a	[0x4a, nil]
0x86	[0x86, nil]
0x148	[0x148, nil]
0x155	[0x155, nil]
0x162	[0x162, nil]
0xb	[0xb, nil]
0x5d	[0x5d, nil]
0x99	[0x99, nil]
0x118	[0x118, nil]
0x127	[0x127, nil]
0x1d2	[0x1d2, nil]
0x66	[0x66, nil]
0xa2	[0xa2, nil]
0x11c	[0x11c, nil]
0x130	[0x130, nil]
0x152	[0x152, nil]
0x15f	[0x15f, nil]
0x1a5	[0x1a5, nil]
0x26	[0x26, nil]
0x3c	[0x3c, nil]
0x75	[0x75, nil]
0xb8	[0xb8, nil]
0xc8	[0xc8, nil]
0xd0	[0xd0, nil]
0xd8	[0xd8, nil]
0xe1	[0xe1, nil]
0xe8	[0xe8, nil]
0xed	[0xed, nil]
0xf3	[0xf3, nil]
0x141	[0x141, nil]
0x1ad	[0x1ad, nil]
0x1b2	[0x1b2, nil]
0x1ba	[0x1ba, nil]
0x1bf	[0x1bf, nil]
0x1c7	[0x1c7, nil]
0x1cc	[0x1cc, nil]
0x62	[0x62, nil]
0x9e	[0x9e, nil]
0x12c	[0x12c, nil]
0x174S0x10	[0x2e, [0x174, nil]]
0x18bS0x10	[0x2e, [0x18b, nil]]
0x170S0x10	[0x2e, [0x170, nil]]
0x187S0x10	[0x2e, [0x187, nil]]
0x192S0x10	[0x2e, [0x192, nil]]
