0x0	nil
0x40	nil
0xf	nil
0x4	nil
0x8	nil
0x3f	nil
0x1f	nil
0x2	nil
0x5	nil
0x7	nil
0xc	nil
0x12	nil
0x14	nil
0x15	nil
0x18	nil
0x19	nil
0x1b	nil
0x21	nil
0x22	nil
0x27	nil
0x2b	nil
0x30	nil
0x32	nil
0x34	nil
0x36	nil
0x37	nil
0x39	nil
0x3a	nil
0x3d	nil
0x43	nil
0x47	nil
0x4c	nil
0x4e	nil
0x51	nil
0x53	nil
0x55	nil
0x57	nil
0x59	nil
0x5a	nil
0x5e	nil
0x5f	nil
0x63	nil
0x64	nil
0x69	nil
0x6b	nil
0x6d	nil
0x6f	nil
0x70	nil
0x72	nil
0x73	nil
0x76	nil
0x78	nil
0x7c	nil
0x7f	nil
0x83	nil
0x88	nil
0x8a	nil
0x8d	nil
0x8f	nil
0x91	nil
0x93	nil
0x95	nil
0x96	nil
0x9a	nil
0x9b	nil
0x9f	nil
0xa0	nil
0xa5	nil
0xa8	nil
0xa9	nil
0xab	nil
0xac	nil
0xae	nil
0xaf	nil
0xb4	nil
0xb6	nil
0xb9	nil
0xbb	nil
0xbd	nil
0xbf	nil
0xc0	nil
0xc3	nil
0xc4	nil
0xc7	nil
0xcb	nil
0xcc	nil
0xcf	nil
0xd1	nil
0xd4	nil
0xd9	nil
0xdb	nil
0xde	nil
0xe2	nil
0xe4	nil
0xe7	nil
0xe9	nil
0xec	nil
0xee	nil
0xef	nil
0xf2	nil
0xf9	nil
0xfb	nil
0x101	nil
0x103	nil
0x104	nil
0x106	nil
0x108	nil
0x10b	nil
0x10d	nil
0x111	nil
0x112	nil
0x114	nil
0x115	nil
0x119	nil
0x11f	nil
0x120	nil
0x121	nil
0x123	nil
0x124	nil
0x128	nil
0x129	nil
0x12d	nil
0x12e	nil
0x136	nil
0x138	nil
0x13a	nil
0x13c	nil
0x13d	nil
0x13e	nil
0x13f	nil
0x143	nil
0x14a	nil
0x14e	nil
0x153	nil
0x157	nil
0x15b	nil
0x160	nil
0x194	nil
0x196	nil
0x197	nil
0x199	nil
0x19a	nil
0x19c	nil
0x19d	nil
0x1a0	nil
0x1a3	nil
0x1a6	nil
0x1aa	nil
0x1ac	nil
0x1ae	nil
0x1b1	nil
0x1b3	nil
0x1b7	nil
0x1b9	nil
0x1bb	nil
0x1be	nil
0x1c0	nil
0x1c4	nil
0x1c6	nil
0x1c8	nil
0x1cb	nil
0x1cd	nil
0x1d0	nil
0x171S0x10	[0x163, nil]
0x188S0x10	[0x163, nil]
0x164S0x10	[0x163, nil]
0x166S0x10	[0x163, nil]
0x16aS0x10	[0x163, nil]
0x16bS0x10	[0x163, nil]
0x16cS0x10	[0x163, nil]
0x16dS0x10	[0x163, nil]
0x177S0x10	[0x163, nil]
0x178S0x10	[0x163, nil]
0x17aS0x10	[0x163, nil]
0x17cS0x10	[0x163, nil]
0x17eS0x10	[0x163, nil]
0x17fS0x10	[0x163, nil]
0x181S0x10	[0x163, nil]
0x183S0x10	[0x163, nil]
0x184S0x10	[0x163, nil]
0x2e	nil
0x4a	nil
0x86	nil
0x148	nil
0x155	nil
0x162	nil
0xb	nil
0x5d	nil
0x99	nil
0x118	nil
0x127	nil
0x1d2	nil
0x66	nil
0xa2	nil
0x11c	nil
0x130	nil
0x152	nil
0x15f	nil
0x1a5	nil
0x26	nil
0x3c	nil
0x75	nil
0xb8	nil
0xc8	nil
0xd0	nil
0xd8	nil
0xe1	nil
0xe8	nil
0xed	nil
0xf3	nil
0x141	nil
0x1ad	nil
0x1b2	nil
0x1ba	nil
0x1bf	nil
0x1c7	nil
0x1cc	nil
0x62	nil
0x9e	nil
0x12c	nil
0x174S0x10	[0x163, nil]
0x18bS0x10	[0x163, nil]
0x170S0x10	[0x163, nil]
0x187S0x10	[0x163, nil]
0x192S0x10	[0x163, nil]
